insert into customer values('Bharadwaj','MH-1220050000188','brad123');
insert into customer values('Mouli','MH-1220050000189','sachmo123');
insert into customer values('Harikiran','MH-1220050000190','harikiran123');
insert into customer values('Naveen','	MH-1220050000191','naveen123');
insert into customer values('Vamsi','MH-1220050000192','vamsi123');
insert into customer values('Thanmai','MH-1220050000193','thanmai123');
insert into customer values('Phani','MH-1220050000194','phani123');
insert into customer values('Akshay','MH-1220050000195','akshay123');
insert into customer values('Prashanth','MH-1220050000196','prashanth123');
insert into customer values('Trinadh','MH-1220050000197','trinadh123');



insert into  customer_identity values('MH-1220050000188','bharadwaj',null,'tadepalli','bharadwaj123@gmail.com' , null);
insert into  customer_identity values('MH-1220050000189','saichandramouli',null,'tadiparthi','mouli123@gmail.com' , null);
insert into  customer_identity values('MH-1220050000190','harikiran',null,'aleti','harikiran123@gmail.com' , null);
insert into  customer_identity values('MH-1220050000191','naveen',null,'chowdary','naveen123@gmail.com' , null);
insert into  customer_identity values('MH-1220050000192','vamsi',null,'puppala','vamsi123@gmail.com' , null);
insert into  customer_identity values('MH-1220050000193','thanmai',null,'chochipatla','thanmai123@gmail.com' , null);
insert into  customer_identity values('MH-1220050000194','saiphani',null,'pallapothu','phani123@gmail.com' , null);
insert into  customer_identity values('MH-1220050000195','akshay',null,'penumudi','akshay123@gmail.com' , null);
insert into  customer_identity values('MH-1220050000196','prashanth',null,'saw','prashanth123@gmail.com' , null);
insert into  customer_identity values('MH-1220050000197','trinadh',null,'kodavati','trinadh123@gmail.com' , null);

insert into customer_phone values('MH-1220050000188','7339277849');
insert into customer_phone values('MH-1220050000189','7339277818');
insert into customer_phone values('MH-1220050000190','7339277888');
insert into customer_phone values('MH-1220050000191','7339277848');
insert into customer_phone values('MH-1220050000192','7339277850');
insert into customer_phone values('MH-1220050000193','7339277851');
insert into customer_phone values('MH-1220050000194','7339277852');
insert into customer_phone values('MH-1220050000195','7339277853');
insert into customer_phone values('MH-1220050000196','7339277854');
insert into customer_phone values('MH-1220050000197','7339277855');


insert into booking VALUES('Bharadwaj','DEE414','07:30','12-08-2019','1020','No','Yes','brad123','07-08-2019','12-08-2019','Yes', '07:30','07-08-2019');
insert into booking VALUES('Mouli','DEE415','08:30','13-08-2019','1021','Yes','Yes','sachmo123','08-08-2019','13-08-2019','Yes', '08:30','08-08-2019');
insert into booking VALUES('Mouli','DEE416','08:31','13-08-2019','1022','Yes','Yes','sachmo123','08-08-2019','13-08-2019','Yes', '08:31','08-08-2019');
insert into booking VALUES('Mouli','DEE417','08:32','13-08-2019','1023','Yes','Yes','sachmo123','08-08-2019','13-08-2019','Yes', '08:32','08-08-2019');
insert into booking VALUES('Mouli','DEE418','08:33','13-08-2019','1024','Yes','Yes','sachmo123','08-08-2019','13-08-2019','Yes', '08:33','08-08-2019');
insert into booking VALUES('Harikiran','DEE416','09:30','14-08-2019','1025','Yes','Yes','harikiran123','09-08-2019','14-08-2019','Yes', '09:30','09-08-2019');
insert into booking VALUES('Naveen','DEE417','10:30','15-08-2019','1063','No','No','naveen123','10-08-2019','15-08-2019','Yes', '10:30','10-08-2019');
insert into booking VALUES('Vamsi','DEE418','11:30','16-08-2019','1026','Yes','Yes','vamsi123','11-08-2019','16-08-2019','Yes', '11:30','11-08-2019');
insert into booking VALUES('Thanmai','DEE419','12:30','17-08-2019','	1025','No','No','thanmai123','12-08-2019','17-08-2019','Yes', '12:30','12-08-2019');
insert into booking VALUES('Phani','DEE420','13:30','18-08-2019','1027','Yes','	No','phani123','13-08-2019','18-08-2019','Yes' ,'13:30','13-08-2019');
insert into booking VALUES('Akshay','DEE421','14:30','19-08-2019','1028','No','No','akshay123','14-08-2019','19-08-2019','Yes', '14:3','14-08-2019');
insert into booking VALUES('Prashanth','DEE422','15:30','20-08-2019','1029','Yes','Yes','prashanth123','15-08-2019','20-08-2019','Yes', '15:30','15-08-2019');
insert into booking VALUES('Trinadh','DEE423','16:30','21-08-2019','1129','No','Yes','trinadh123','16-08-2019','21-08-2019','Yes', '16:30','16-08-2019');

insert into billing values('1020','6000','60','10','paid','4','5','good');
insert into billing values('1021','4000','43','15','not paid','3','4','bad');
insert into billing values('1022','2000','34','10','paid','5','4','good');
insert into billing values('1023','4000','34','10','not paid','4','4','bad');
insert into billing values('1024','3500','23','10','paid','3','5','good');
insert into billing values('1025','5000','23','10','not paid','2','5','bad');
insert into billing values('1026','4500','25','5','paid','2','4','good');
insert into billing values('1027','2500','24','15','not paid','3','5','bad');
insert into billing values('1028','3000','25','10','paid','2','5','good');
insert into billing values('1029','3000','25','10','not paid','4','5','bad');


insert into car values('DEE414' , 'Yes' , 'mini' , 'creata' , '20' ,   'd.no:13-2-107/2,vishakapatnam,A.P');
insert into car values('DEE415' , 'Yes' , 'micro' , 'baleno' , '15' ,   'd.no:14-2-107/2,vishakapatnam,A.P');
insert into car values('DEE416' , 'Yes' , 'sedan' , 'xuv500' , '20' ,   'd.no:15-2-107/2,vishakapatnam,A.P');
insert into car values('DEE417' , 'Yes' , 'suv' , 'creata' , '18' ,   'd.no:16-2-107/2,vishakapatnam,A.P');
insert into car values('DEE418' , 'Yes' , 'mini' , 'baleno' , '19' ,   'd.no:17-2-107/2,vishakapatnam,A.P');
insert into car values('DEE419' , 'Yes' , 'micro' , 'xuv501' , '20' ,   'd.no:18-2-107/2,vishakapatnam,A.P');
insert into car values('DEE420' , 'Yes' , 'sedan' , 'creata' , '14' ,   'd.no:19-2-107/2,vishakapatnam,A.P');
insert into car values('DEE421' , 'Yes' , 'suv' , 'baleno' , '20' ,   'd.no:20-2-107/2,vishakapatnam,A.P');
insert into car values('DEE422' , 'Yes' , 'mini' , 'xuv502' , '13' ,   'd.no:21-2-107/2,vishakapatnam,A.P');
insert into car values('DEE423' , 'Yes' , 'sedan' , 'baleno' , '12' ,   'd.no:22-2-107/2,vishakapatnam,A.P');


insert into pricing values('mini', '2000' );
insert into pricing values('micro', '2500' );
insert into pricing values('sedan', '3000' );
insert into pricing values('suv', '3500' );



insert into location values('d.no:13-2-107/2,vishakapatnam,A.P	','	Vishakapatnam	');
insert into location values('d.no:14-2-107/2,vishakapatnam,A.P	','	Vishakapatnam	');
insert into location values('d.no:15-2-107/2,vishakapatnam,A.P	','	Vishakapatnam	');
insert into location values('d.no:16-2-107/2,vishakapatnam,A.P	','	Vishakapatnam	');
insert into location values('d.no:17-2-107/2,vishakapatnam,A.P	','	Vishakapatnam	');
insert into location values('d.no:18-2-107/2,vishakapatnam,A.P	','	Vishakapatnam	');
insert into location values('d.no:19-2-107/2,vishakapatnam,A.P	','	Vishakapatnam	');
insert into location values('d.no:20-2-107/2,vishakapatnam,A.P	','	Vishakapatnam	');
insert into location values('d.no:21-2-107/2,vishakapatnam,A.P	','	Vishakapatnam	');
insert into location values('d.no:22-2-107/2,vishakapatnam,A.P	','	Vishakapatnam	');





















































